Sl. No,Company/Client Name,Contact Name,Mobile,Email,Notes,1st Follow Up,2nd Follow Up,3rd Follow Up,Quotation,LPO,Invoice,Remarks
1,Emaar Properties,Procurement / Projects Team,Switchboard – see website,via website form,Source: off-planproperties.ae / opr.ae,Not yet,Not yet,Not yet,,,,Developer
2,Nakheel,Procurement / Projects Team,Switchboard – see website,via website form,Source: off-planproperties.ae / engelvoelkers.com,Not yet,Not yet,Not yet,,,,Developer
3,DAMAC Properties,Procurement / Projects Team,Switchboard – see website,via website form,Source: off-planproperties.ae,Not yet,Not yet,Not yet,,,,Developer
4,Dubai Properties,Procurement / Projects Team,Switchboard – see website,via website form,Source: off-planproperties.ae,Not yet,Not yet,Not yet,,,,Developer
5,Meraas,Procurement / Projects Team,Switchboard – see website,via website form,Source: opr.ae,Not yet,Not yet,Not yet,,,,Developer
6,Sobha Realty,Procurement / Projects Team,Switchboard – see website,via website form,Source: off-planproperties.ae,Not yet,Not yet,Not yet,,,,Developer
7,Azizi Developments,Procurement / Projects Team,Switchboard – see website,via website form,Source: off-planproperties.ae,Not yet,Not yet,Not yet,,,,Developer
8,Ellington Properties,Procurement / Projects Team,Switchboard – see website,via website form,Source: off-planproperties.ae,Not yet,Not yet,Not yet,,,,Developer
9,Select Group,Procurement / Projects Team,Switchboard – see website,via website form,Source: off-planproperties.ae,Not yet,Not yet,Not yet,,,,Developer
10,NSHAMA,Procurement / Projects Team,Switchboard – see website,via website form,Source: off-planproperties.ae,Not yet,Not yet,Not yet,,,,Developer
11,Omniyat,Procurement / Projects Team,Switchboard – see website,via website form,Source: off-planproperties.ae,Not yet,Not yet,Not yet,,,,Developer
12,Deyaar,Procurement / Projects Team,Switchboard – see website,via website form,Source: off-planproperties.ae,Not yet,Not yet,Not yet,,,,Developer
13,Binghatti,Procurement / Projects Team,Switchboard – see website,via website form,Source: off-planproperties.ae,Not yet,Not yet,Not yet,,,,Developer
14,Majid Al Futtaim Communities,Procurement / Projects Team,Switchboard – see website,via website form,Source: off-planproperties.ae,Not yet,Not yet,Not yet,,,,Developer
15,Aldar Properties,Procurement / Projects Team,Switchboard – see website,via website form,Source: off-planproperties.ae,Not yet,Not yet,Not yet,,,,Developer
16,Arada,Procurement / Projects Team,Switchboard – see website,via website form,Source: off-planproperties.ae,Not yet,Not yet,Not yet,,,,Developer
17,RAK Properties,Procurement / Projects Team,Switchboard – see website,via website form,Source: off-planproperties.ae,Not yet,Not yet,Not yet,,,,Developer
18,Khansaheb Civil Engineering,Procurement / Projects Team,Switchboard – see website,via website form,Source: rib-software.com,Not yet,Not yet,Not yet,,,,Main Contractor
19,ASGC,Procurement / Projects Team,Switchboard – see website,via website form,Source: rib-software.com,Not yet,Not yet,Not yet,,,,Main Contractor
20,Dutco Construction,Procurement / Projects Team,Switchboard – see website,via website form,Source: rib-software.com,Not yet,Not yet,Not yet,,,,Main Contractor
21,Wade Adams,Procurement / Projects Team,Switchboard – see website,via website form,Source: rib-software.com / blackridgeresearch.com,Not yet,Not yet,Not yet,,,,Main Contractor
22,ALEC Engineering & Construction,Procurement / Projects Team,Switchboard – see website,via website form,Source: industry lists,Not yet,Not yet,Not yet,,,,Main Contractor
23,Al Naboodah Construction,Procurement / Projects Team,Switchboard – see website,via website form,Source: industry lists,Not yet,Not yet,Not yet,,,,Main Contractor
24,Arabian Construction Company (ACC),Procurement / Projects Team,Switchboard – see website,via website form,Source: industry lists,Not yet,Not yet,Not yet,,,,Main Contractor
25,Laing O'Rourke Middle East,Procurement / Projects Team,Switchboard – see website,via website form,Source: industry lists,Not yet,Not yet,Not yet,,,,Main Contractor
26,China State Construction Engineering ME,Procurement / Projects Team,Switchboard – see website,via website form,Source: industry lists,Not yet,Not yet,Not yet,,,,Main Contractor
27,Shapoorji Pallonji Mideast,Procurement / Projects Team,Switchboard – see website,via website form,Source: industry lists,Not yet,Not yet,Not yet,,,,Main Contractor
28,Trojan Construction Group,Procurement / Projects Team,Switchboard – see website,via website form,Source: blackridgeresearch.com,Not yet,Not yet,Not yet,,,,Main Contractor
29,Arabtec Construction (legacy),Procurement / Projects Team,Switchboard – see website,via website form,Source: retyn.ai,Not yet,Not yet,Not yet,,,,Main Contractor
30,Target Engineering,Procurement / Projects Team,Switchboard – see website,via website form,Source: blackridgeresearch.com,Not yet,Not yet,Not yet,,,,Main Contractor
31,Al Futtaim Construction,Procurement / Projects Team,Switchboard – see website,via website form,Source: industry lists,Not yet,Not yet,Not yet,,,,Main Contractor
32,Habtoor Leighton Group / Al Habtoor,Procurement / Projects Team,Switchboard – see website,via website form,Source: retyn.ai,Not yet,Not yet,Not yet,,,,Main Contractor
33,Dutco Balfour Beatty (DBB),Procurement / Projects Team,Switchboard – see website,via website form,Source: rib-software.com,Not yet,Not yet,Not yet,,,,Main Contractor
34,EFS Facilities Services Group,Procurement / Projects Team,Switchboard – see website,via website form,Source: mordorintelligence.com,Not yet,Not yet,Not yet,,,,Facilities Management
35,Imdaad LLC,Procurement / Projects Team,Switchboard – see website,via website form,Source: mordorintelligence.com,Not yet,Not yet,Not yet,,,,Facilities Management
36,Emrill Services,Procurement / Projects Team,Switchboard – see website,via website form,Source: retyn.ai / mordorintelligence.com,Not yet,Not yet,Not yet,,,,Facilities Management
37,Farnek Services LLC,Procurement / Projects Team,Switchboard – see website,via website form,Source: mordorintelligence.com,Not yet,Not yet,Not yet,,,,Facilities Management
38,Enova Facilities Management,Procurement / Projects Team,Switchboard – see website,via website form,Source: mordorintelligence.com,Not yet,Not yet,Not yet,,,,Facilities Management
39,ServeU,Procurement / Projects Team,Switchboard – see website,via website form,Source: mordorintelligence.com,Not yet,Not yet,Not yet,,,,Facilities Management
40,Deyaar Facilities Management,Procurement / Projects Team,Switchboard – see website,via website form,Source: mordorintelligence.com,Not yet,Not yet,Not yet,,,,Facilities Management
41,Transguard Group,Procurement / Projects Team,Switchboard – see website,via website form,Source: retyn.ai / sothebysrealty.ae,Not yet,Not yet,Not yet,,,,Facilities Management
42,Blue Diamond Facilities Management,Procurement / Projects Team,Switchboard – see website,via website form,Source: mordorintelligence.com,Not yet,Not yet,Not yet,,,,Facilities Management
43,Cleanco,Procurement / Projects Team,Switchboard – see website,via website form,Source: mordorintelligence.com,Not yet,Not yet,Not yet,,,,Facilities Management
44,Khidmah,Procurement / Projects Team,Switchboard – see website,via website form,Source: public directories,Not yet,Not yet,Not yet,,,,Facilities Management
45,Marafeq Facilities Management,Procurement / Projects Team,Switchboard – see website,via website form,Source: mordorintelligence.com,Not yet,Not yet,Not yet,,,,Facilities Management
46,Etisalat Facilities Management,Procurement / Projects Team,Switchboard – see website,via website form,Source: mordorintelligence.com,Not yet,Not yet,Not yet,,,,Facilities Management
47,ENGIE Cofely Energy Services,Procurement / Projects Team,Switchboard – see website,via website form,Source: mordorintelligence.com,Not yet,Not yet,Not yet,,,,Facilities Management
48,Advanced Facilities Management,Procurement / Projects Team,Switchboard – see website,via website form,Source: mordorintelligence.com,Not yet,Not yet,Not yet,,,,Facilities Management
49,Gensler Middle East (Dubai),Procurement / Projects Team,Switchboard – see website,via website form,Source: dubaidesigndistrict.com,Not yet,Not yet,Not yet,,,,Design/Consultant
50,Perkins&Will Dubai,Procurement / Projects Team,Switchboard – see website,via website form,Source: dubaidesigndistrict.com,Not yet,Not yet,Not yet,,,,Design/Consultant
51,HBA Dubai (Hirsch Bedner Associates),Procurement / Projects Team,Switchboard – see website,via website form,Source: dubaidesigndistrict.com,Not yet,Not yet,Not yet,,,,Design/Consultant
52,LW Design Group,Procurement / Projects Team,Switchboard – see website,via website form,Source: dubaidesigndistrict.com,Not yet,Not yet,Not yet,,,,Design/Consultant
53,GAJ (Godwin Austen Johnson),Procurement / Projects Team,Switchboard – see website,via website form,Source: dubaidesigndistrict.com,Not yet,Not yet,Not yet,,,,Design/Consultant
54,Roar (Pallavi Dean Interiors),Procurement / Projects Team,Switchboard – see website,via website form,Source: dubaidesigndistrict.com,Not yet,Not yet,Not yet,,,,Design/Consultant
55,Kristina Zanic Consultants,Procurement / Projects Team,Switchboard – see website,via website form,Source: dubaidesigndistrict.com,Not yet,Not yet,Not yet,,,,Design/Consultant
56,Wilson Associates (Dubai),Procurement / Projects Team,Switchboard – see website,via website form,Source: dubaidesigndistrict.com,Not yet,Not yet,Not yet,,,,Design/Consultant
57,SSH Design,Procurement / Projects Team,Switchboard – see website,via website form,Source: industry lists,Not yet,Not yet,Not yet,,,,Design/Consultant
58,KEO International Consultants,Procurement / Projects Team,Switchboard – see website,via website form,Source: industry lists,Not yet,Not yet,Not yet,,,,Design/Consultant
59,WSP Middle East,Procurement / Projects Team,Switchboard – see website,via website form,Source: industry lists,Not yet,Not yet,Not yet,,,,Design/Consultant
60,AtkinsRéalis (formerly Atkins),Procurement / Projects Team,Switchboard – see website,via website form,Source: industry lists,Not yet,Not yet,Not yet,,,,Design/Consultant
61,AECOM Middle East,Procurement / Projects Team,Switchboard – see website,via website form,Source: industry lists,Not yet,Not yet,Not yet,,,,Design/Consultant
62,RSP Architects Planners & Engineers,Procurement / Projects Team,Switchboard – see website,via website form,Source: industry lists,Not yet,Not yet,Not yet,,,,Design/Consultant
63,RMJM Dubai,Procurement / Projects Team,Switchboard – see website,via website form,Source: industry lists,Not yet,Not yet,Not yet,,,,Design/Consultant
64,Emaar Community Management (ECM),Procurement / Projects Team,Switchboard – see website,via website form,Source: public directories,Not yet,Not yet,Not yet,,,,Property/Community Mgmt
65,Deyaar Community Management,Procurement / Projects Team,Switchboard – see website,via website form,Source: public directories,Not yet,Not yet,Not yet,,,,Property/Community Mgmt
66,Provis (Aldar),Procurement / Projects Team,Switchboard – see website,via website form,Source: public directories,Not yet,Not yet,Not yet,,,,Property/Community Mgmt
67,KAIZEN Asset Management Services,Procurement / Projects Team,Switchboard – see website,via website form,Source: public directories,Not yet,Not yet,Not yet,,,,Property/Community Mgmt
68,Asteco Property Management,Procurement / Projects Team,Switchboard – see website,via website form,Source: public directories,Not yet,Not yet,Not yet,,,,Property/Community Mgmt
69,Betterhomes Property Management,Procurement / Projects Team,Switchboard – see website,via website form,Source: public directories,Not yet,Not yet,Not yet,,,,Property/Community Mgmt
70,CBRE Middle East,Procurement / Projects Team,Switchboard – see website,via website form,Source: public directories,Not yet,Not yet,Not yet,,,,Property/Community Mgmt
71,Colliers MENA,Procurement / Projects Team,Switchboard – see website,via website form,Source: public directories,Not yet,Not yet,Not yet,,,,Property/Community Mgmt
72,Knight Frank Middle East,Procurement / Projects Team,Switchboard – see website,via website form,Source: public directories,Not yet,Not yet,Not yet,,,,Property/Community Mgmt
73,Savills Middle East,Procurement / Projects Team,Switchboard – see website,via website form,Source: public directories,Not yet,Not yet,Not yet,,,,Property/Community Mgmt
74,Burj Al Arab Jumeirah,Procurement / Projects Team,Switchboard – see website,via website form,Source: curated hotel lists,Not yet,Not yet,Not yet,,,,Hotel/Operator
75,Jumeirah Al Naseem,Procurement / Projects Team,Switchboard – see website,via website form,Source: curated hotel lists,Not yet,Not yet,Not yet,,,,Hotel/Operator
76,"Atlantis, The Palm",Procurement / Projects Team,Switchboard – see website,via website form,Source: curated hotel lists,Not yet,Not yet,Not yet,,,,Hotel/Operator
77,Atlantis The Royal,Procurement / Projects Team,Switchboard – see website,via website form,Source: curated hotel lists,Not yet,Not yet,Not yet,,,,Hotel/Operator
78,Address Downtown,Procurement / Projects Team,Switchboard – see website,via website form,Source: curated hotel lists,Not yet,Not yet,Not yet,,,,Hotel/Operator
79,Address Dubai Marina,Procurement / Projects Team,Switchboard – see website,via website form,Source: curated hotel lists,Not yet,Not yet,Not yet,,,,Hotel/Operator
80,JW Marriott Marquis Dubai,Procurement / Projects Team,Switchboard – see website,via website form,Source: curated hotel lists,Not yet,Not yet,Not yet,,,,Hotel/Operator
81,Vida Hotels and Resorts,Procurement / Projects Team,Switchboard – see website,via website form,Source: curated hotel lists,Not yet,Not yet,Not yet,,,,Hotel/Operator
82,Rove Hotels,Procurement / Projects Team,Switchboard – see website,via website form,Source: curated hotel lists,Not yet,Not yet,Not yet,,,,Hotel/Operator
83,One&Only The Palm,Procurement / Projects Team,Switchboard – see website,via website form,Source: curated hotel lists,Not yet,Not yet,Not yet,,,,Hotel/Operator
84,One&Only Royal Mirage,Procurement / Projects Team,Switchboard – see website,via website form,Source: curated hotel lists,Not yet,Not yet,Not yet,,,,Hotel/Operator
85,"Mandarin Oriental Jumeira, Dubai",Procurement / Projects Team,Switchboard – see website,via website form,Source: curated hotel lists,Not yet,Not yet,Not yet,,,,Hotel/Operator
86,Park Hyatt Dubai,Procurement / Projects Team,Switchboard – see website,via website form,Source: curated hotel lists,Not yet,Not yet,Not yet,,,,Hotel/Operator
87,Nikki Beach Resort & Spa Dubai,Procurement / Projects Team,Switchboard – see website,via website form,Source: curated hotel lists,Not yet,Not yet,Not yet,,,,Hotel/Operator
88,ME Dubai by Meliá,Procurement / Projects Team,Switchboard – see website,via website form,Source: curated hotel lists,Not yet,Not yet,Not yet,,,,Hotel/Operator
89,SIRO One Za'abeel,Procurement / Projects Team,Switchboard – see website,via website form,Source: curated hotel lists,Not yet,Not yet,Not yet,,,,Hotel/Operator
90,Rikas Hospitality Group,Procurement / Projects Team,Switchboard – see website,via website form,Source: public directories,Not yet,Not yet,Not yet,,,,F&B Group
91,Solutions Leisure Group,Procurement / Projects Team,Switchboard – see website,via website form,Source: public directories,Not yet,Not yet,Not yet,,,,F&B Group
92,Bull & Roo Hospitality,Procurement / Projects Team,Switchboard – see website,via website form,Source: public directories,Not yet,Not yet,Not yet,,,,F&B Group
93,Gates Hospitality,Procurement / Projects Team,Switchboard – see website,via website form,Source: public directories,Not yet,Not yet,Not yet,,,,F&B Group
94,Jumeirah Group F&B,Procurement / Projects Team,Switchboard – see website,via website form,Source: public directories,Not yet,Not yet,Not yet,,,,F&B Group
95,Emaar Hospitality F&B,Procurement / Projects Team,Switchboard – see website,via website form,Source: public directories,Not yet,Not yet,Not yet,,,,F&B Group
96,Meraas F&B (Dubai Holding Entertainment),Procurement / Projects Team,Switchboard – see website,via website form,Source: public directories,Not yet,Not yet,Not yet,,,,F&B Group
97,ADDmind Hospitality,Procurement / Projects Team,Switchboard – see website,via website form,Source: public directories,Not yet,Not yet,Not yet,,,,F&B Group
98,Pinza Group,Procurement / Projects Team,Switchboard – see website,via website form,Source: public directories,Not yet,Not yet,Not yet,,,,F&B Group
99,SSP Group (UAE),Procurement / Projects Team,Switchboard – see website,via website form,Source: public directories,Not yet,Not yet,Not yet,,,,F&B Group
100,Gensler Middle East,Procurement / Projects Team,Switchboard – see website,via website form,Source: public UAE design directories / company sites (to enrich),Not yet,Not yet,Not yet,,,,Design/Consultant
101,Perkins&Will Dubai,Procurement / Projects Team,Switchboard – see website,via website form,Source: public UAE design directories / company sites (to enrich),Not yet,Not yet,Not yet,,,,Design/Consultant
102,HBA (Hirsch Bedner Associates) Dubai,Procurement / Projects Team,Switchboard – see website,via website form,Source: public UAE design directories / company sites (to enrich),Not yet,Not yet,Not yet,,,,Design/Consultant
103,LW Design Group,Procurement / Projects Team,Switchboard – see website,via website form,Source: public UAE design directories / company sites (to enrich),Not yet,Not yet,Not yet,,,,Design/Consultant
104,GAJ (Godwin Austen Johnson),Procurement / Projects Team,Switchboard – see website,via website form,Source: public UAE design directories / company sites (to enrich),Not yet,Not yet,Not yet,,,,Design/Consultant
105,Roar (Pallavi Dean Interiors),Procurement / Projects Team,Switchboard – see website,via website form,Source: public UAE design directories / company sites (to enrich),Not yet,Not yet,Not yet,,,,Design/Consultant
106,Kristina Zanic Consultants,Procurement / Projects Team,Switchboard – see website,via website form,Source: public UAE design directories / company sites (to enrich),Not yet,Not yet,Not yet,,,,Design/Consultant
107,SSH Design,Procurement / Projects Team,Switchboard – see website,via website form,Source: public UAE design directories / company sites (to enrich),Not yet,Not yet,Not yet,,,,Design/Consultant
108,KEO International Consultants,Procurement / Projects Team,Switchboard – see website,via website form,Source: public UAE design directories / company sites (to enrich),Not yet,Not yet,Not yet,,,,Design/Consultant
109,AECOM Middle East,Procurement / Projects Team,Switchboard – see website,via website form,Source: public UAE design directories / company sites (to enrich),Not yet,Not yet,Not yet,,,,Design/Consultant
110,WSP Middle East,Procurement / Projects Team,Switchboard – see website,via website form,Source: public UAE design directories / company sites (to enrich),Not yet,Not yet,Not yet,,,,Design/Consultant
111,AtkinsRéalis (formerly Atkins),Procurement / Projects Team,Switchboard – see website,via website form,Source: public UAE design directories / company sites (to enrich),Not yet,Not yet,Not yet,,,,Design/Consultant
112,RSP Architects Planners & Engineers,Procurement / Projects Team,Switchboard – see website,via website form,Source: public UAE design directories / company sites (to enrich),Not yet,Not yet,Not yet,,,,Design/Consultant
113,RMJM Dubai,Procurement / Projects Team,Switchboard – see website,via website form,Source: public UAE design directories / company sites (to enrich),Not yet,Not yet,Not yet,,,,Design/Consultant
114,HOK Middle East,Procurement / Projects Team,Switchboard – see website,via website form,Source: public UAE design directories / company sites (to enrich),Not yet,Not yet,Not yet,,,,Design/Consultant
115,HKS Architects Middle East,Procurement / Projects Team,Switchboard – see website,via website form,Source: public UAE design directories / company sites (to enrich),Not yet,Not yet,Not yet,,,,Design/Consultant
116,CallisonRTKL Middle East,Procurement / Projects Team,Switchboard – see website,via website form,Source: public UAE design directories / company sites (to enrich),Not yet,Not yet,Not yet,,,,Design/Consultant
117,dwp | design worldwide partnership,Procurement / Projects Team,Switchboard – see website,via website form,Source: public UAE design directories / company sites (to enrich),Not yet,Not yet,Not yet,,,,Design/Consultant
118,Bluehaus Group,Procurement / Projects Team,Switchboard – see website,via website form,Source: public UAE design directories / company sites (to enrich),Not yet,Not yet,Not yet,,,,Design/Consultant
119,XBD Collective,Procurement / Projects Team,Switchboard – see website,via website form,Source: public UAE design directories / company sites (to enrich),Not yet,Not yet,Not yet,,,,Design/Consultant
120,Studio EM,Procurement / Projects Team,Switchboard – see website,via website form,Source: public UAE design directories / company sites (to enrich),Not yet,Not yet,Not yet,,,,Design/Consultant
121,Bishop Design,Procurement / Projects Team,Switchboard – see website,via website form,Source: public UAE design directories / company sites (to enrich),Not yet,Not yet,Not yet,,,,Design/Consultant
122,Stickman Tribe,Procurement / Projects Team,Switchboard – see website,via website form,Source: public UAE design directories / company sites (to enrich),Not yet,Not yet,Not yet,,,,Design/Consultant
123,Zebra Projects,Procurement / Projects Team,Switchboard – see website,via website form,Source: public UAE design directories / company sites (to enrich),Not yet,Not yet,Not yet,,,,Design/Consultant
124,Wilson Associates (Dubai),Procurement / Projects Team,Switchboard – see website,via website form,Source: public UAE design directories / company sites (to enrich),Not yet,Not yet,Not yet,,,,Design/Consultant
125,Aedas Middle East,Procurement / Projects Team,Switchboard – see website,via website form,Source: public UAE design directories / company sites (to enrich),Not yet,Not yet,Not yet,,,,Design/Consultant
126,LWK + Partners,Procurement / Projects Team,Switchboard – see website,via website form,Source: public UAE design directories / company sites (to enrich),Not yet,Not yet,Not yet,,,,Design/Consultant
127,Benoy Middle East,Procurement / Projects Team,Switchboard – see website,via website form,Source: public UAE design directories / company sites (to enrich),Not yet,Not yet,Not yet,,,,Design/Consultant
128,Nikken Sekkei (ME),Procurement / Projects Team,Switchboard – see website,via website form,Source: public UAE design directories / company sites (to enrich),Not yet,Not yet,Not yet,,,,Design/Consultant
129,Populous Middle East,Procurement / Projects Team,Switchboard – see website,via website form,Source: public UAE design directories / company sites (to enrich),Not yet,Not yet,Not yet,,,,Design/Consultant
130,B+H Architects Middle East,Procurement / Projects Team,Switchboard – see website,via website form,Source: public UAE design directories / company sites (to enrich),Not yet,Not yet,Not yet,,,,Design/Consultant
131,Perkins Eastman Middle East,Procurement / Projects Team,Switchboard – see website,via website form,Source: public UAE design directories / company sites (to enrich),Not yet,Not yet,Not yet,,,,Design/Consultant
132,HDR Middle East,Procurement / Projects Team,Switchboard – see website,via website form,Source: public UAE design directories / company sites (to enrich),Not yet,Not yet,Not yet,,,,Design/Consultant
133,KPF (Kohn Pedersen Fox) Middle East,Procurement / Projects Team,Switchboard – see website,via website form,Source: public UAE design directories / company sites (to enrich),Not yet,Not yet,Not yet,,,,Design/Consultant
134,Foster + Partners (ME),Procurement / Projects Team,Switchboard – see website,via website form,Source: public UAE design directories / company sites (to enrich),Not yet,Not yet,Not yet,,,,Design/Consultant
135,Zaha Hadid Architects (ME),Procurement / Projects Team,Switchboard – see website,via website form,Source: public UAE design directories / company sites (to enrich),Not yet,Not yet,Not yet,,,,Design/Consultant
136,"SOM (Skidmore, Owings & Merrill) ME",Procurement / Projects Team,Switchboard – see website,via website form,Source: public UAE design directories / company sites (to enrich),Not yet,Not yet,Not yet,,,,Design/Consultant
137,Grimshaw Architects (ME),Procurement / Projects Team,Switchboard – see website,via website form,Source: public UAE design directories / company sites (to enrich),Not yet,Not yet,Not yet,,,,Design/Consultant
138,BDP Middle East,Procurement / Projects Team,Switchboard – see website,via website form,Source: public UAE design directories / company sites (to enrich),Not yet,Not yet,Not yet,,,,Design/Consultant
139,IBI Group / Arcadis (ME),Procurement / Projects Team,Switchboard – see website,via website form,Source: public UAE design directories / company sites (to enrich),Not yet,Not yet,Not yet,,,,Design/Consultant
140,Arcadis Middle East,Procurement / Projects Team,Switchboard – see website,via website form,Source: public UAE design directories / company sites (to enrich),Not yet,Not yet,Not yet,,,,Design/Consultant
141,Mott MacDonald (ME),Procurement / Projects Team,Switchboard – see website,via website form,Source: public UAE design directories / company sites (to enrich),Not yet,Not yet,Not yet,,,,Design/Consultant
142,NorR Consultants,Procurement / Projects Team,Switchboard – see website,via website form,Source: public UAE design directories / company sites (to enrich),Not yet,Not yet,Not yet,,,,Design/Consultant
143,Pelli Clarke & Partners (ME),Procurement / Projects Team,Switchboard – see website,via website form,Source: public UAE design directories / company sites (to enrich),Not yet,Not yet,Not yet,,,,Design/Consultant
144,LEESFISHER Interiors (ME),Procurement / Projects Team,Switchboard – see website,via website form,Source: public UAE design directories / company sites (to enrich),Not yet,Not yet,Not yet,,,,Design/Consultant
145,Rockwell Group (ME),Procurement / Projects Team,Switchboard – see website,via website form,Source: public UAE design directories / company sites (to enrich),Not yet,Not yet,Not yet,,,,Design/Consultant
146,Studio HBA (ME),Procurement / Projects Team,Switchboard – see website,via website form,Source: public UAE design directories / company sites (to enrich),Not yet,Not yet,Not yet,,,,Design/Consultant
147,Wimberly Interiors (WATG),Procurement / Projects Team,Switchboard – see website,via website form,Source: public UAE design directories / company sites (to enrich),Not yet,Not yet,Not yet,,,,Design/Consultant
148,WATG Middle East,Procurement / Projects Team,Switchboard – see website,via website form,Source: public UAE design directories / company sites (to enrich),Not yet,Not yet,Not yet,,,,Design/Consultant
149,Lacasa Architects & Engineering Consultants,Procurement / Projects Team,Switchboard – see website,via website form,Source: public UAE design directories / company sites (to enrich),Not yet,Not yet,Not yet,,,,Design/Consultant
150,NAGA Architects,Procurement / Projects Team,Switchboard – see website,via website form,Source: public UAE design directories / company sites (to enrich),Not yet,Not yet,Not yet,,,,Design/Consultant
151,Brewer Smith Brewer (BSBG),Procurement / Projects Team,Switchboard – see website,via website form,Source: public UAE design directories / company sites (to enrich),Not yet,Not yet,Not yet,,,,Design/Consultant
152,Godwin Austen Johnson – Interiors,Procurement / Projects Team,Switchboard – see website,via website form,Source: public UAE design directories / company sites (to enrich),Not yet,Not yet,Not yet,,,,Design/Consultant
153,RMJM – Interiors,Procurement / Projects Team,Switchboard – see website,via website form,Source: public UAE design directories / company sites (to enrich),Not yet,Not yet,Not yet,,,,Design/Consultant
154,Archtech Design,Procurement / Projects Team,Switchboard – see website,via website form,Source: public UAE design directories / company sites (to enrich),Not yet,Not yet,Not yet,,,,Design/Consultant
155,RMZ Design Studio,Procurement / Projects Team,Switchboard – see website,via website form,Source: public UAE design directories / company sites (to enrich),Not yet,Not yet,Not yet,,,,Design/Consultant
156,Kinnersley Kent Design (ME),Procurement / Projects Team,Switchboard – see website,via website form,Source: public UAE design directories / company sites (to enrich),Not yet,Not yet,Not yet,,,,Design/Consultant
157,H2R Design,Procurement / Projects Team,Switchboard – see website,via website form,Source: public UAE design directories / company sites (to enrich),Not yet,Not yet,Not yet,,,,Design/Consultant
158,H2R Architects,Procurement / Projects Team,Switchboard – see website,via website form,Source: public UAE design directories / company sites (to enrich),Not yet,Not yet,Not yet,,,,Design/Consultant
159,Gauri Kadam Studio,Procurement / Projects Team,Switchboard – see website,via website form,Source: public UAE design directories / company sites (to enrich),Not yet,Not yet,Not yet,,,,Design/Consultant
160,Lulie Fisher Design Studio,Procurement / Projects Team,Switchboard – see website,via website form,Source: public UAE design directories / company sites (to enrich),Not yet,Not yet,Not yet,,,,Design/Consultant
161,Sneha Divias Atelier,Procurement / Projects Team,Switchboard – see website,via website form,Source: public UAE design directories / company sites (to enrich),Not yet,Not yet,Not yet,,,,Design/Consultant
162,VSHD Design,Procurement / Projects Team,Switchboard – see website,via website form,Source: public UAE design directories / company sites (to enrich),Not yet,Not yet,Not yet,,,,Design/Consultant
163,Anarchitect,Procurement / Projects Team,Switchboard – see website,via website form,Source: public UAE design directories / company sites (to enrich),Not yet,Not yet,Not yet,,,,Design/Consultant
164,ALGEDRA Interior Design,Procurement / Projects Team,Switchboard – see website,via website form,Source: public UAE design directories / company sites (to enrich),Not yet,Not yet,Not yet,,,,Design/Consultant
165,Spazio Design,Procurement / Projects Team,Switchboard – see website,via website form,Source: public UAE design directories / company sites (to enrich),Not yet,Not yet,Not yet,,,,Design/Consultant
166,Designsmith Interior Design,Procurement / Projects Team,Switchboard – see website,via website form,Source: public UAE design directories / company sites (to enrich),Not yet,Not yet,Not yet,,,,Design/Consultant
167,Zen Interiors,Procurement / Projects Team,Switchboard – see website,via website form,Source: public UAE design directories / company sites (to enrich),Not yet,Not yet,Not yet,,,,Design/Consultant
168,Urban Nest Interiors,Procurement / Projects Team,Switchboard – see website,via website form,Source: public UAE design directories / company sites (to enrich),Not yet,Not yet,Not yet,,,,Design/Consultant
169,The Big Fitout – Design,Procurement / Projects Team,Switchboard – see website,via website form,Source: public UAE design directories / company sites (to enrich),Not yet,Not yet,Not yet,,,,Design/Consultant
170,Keane Brands Middle East,Procurement / Projects Team,Switchboard – see website,via website form,Source: public UAE design directories / company sites (to enrich),Not yet,Not yet,Not yet,,,,Design/Consultant
171,Mercury Studio,Procurement / Projects Team,Switchboard – see website,via website form,Source: public UAE design directories / company sites (to enrich),Not yet,Not yet,Not yet,,,,Design/Consultant
172,LXA (Middle East),Procurement / Projects Team,Switchboard – see website,via website form,Source: public UAE design directories / company sites (to enrich),Not yet,Not yet,Not yet,,,,Design/Consultant
173,Verdant Interiors,Procurement / Projects Team,Switchboard – see website,via website form,Source: public UAE design directories / company sites (to enrich),Not yet,Not yet,Not yet,,,,Design/Consultant
174,SuperFutureDesign*,Procurement / Projects Team,Switchboard – see website,via website form,Source: public UAE design directories / company sites (to enrich),Not yet,Not yet,Not yet,,,,Design/Consultant
175,Roar Studio – Hospitality,Procurement / Projects Team,Switchboard – see website,via website form,Source: public UAE design directories / company sites (to enrich),Not yet,Not yet,Not yet,,,,Design/Consultant
176,GA Group – Interiors,Procurement / Projects Team,Switchboard – see website,via website form,Source: public UAE design directories / company sites (to enrich),Not yet,Not yet,Not yet,,,,Design/Consultant
177,LW Design – Interiors,Procurement / Projects Team,Switchboard – see website,via website form,Source: public UAE design directories / company sites (to enrich),Not yet,Not yet,Not yet,,,,Design/Consultant
178,Bluehaus – Interiors,Procurement / Projects Team,Switchboard – see website,via website form,Source: public UAE design directories / company sites (to enrich),Not yet,Not yet,Not yet,,,,Design/Consultant
179,XBD Collective – Interiors,Procurement / Projects Team,Switchboard – see website,via website form,Source: public UAE design directories / company sites (to enrich),Not yet,Not yet,Not yet,,,,Design/Consultant
180,Bishop Design – Hospitality,Procurement / Projects Team,Switchboard – see website,via website form,Source: public UAE design directories / company sites (to enrich),Not yet,Not yet,Not yet,,,,Design/Consultant
181,RSP – Interior Design,Procurement / Projects Team,Switchboard – see website,via website form,Source: public UAE design directories / company sites (to enrich),Not yet,Not yet,Not yet,,,,Design/Consultant
182,RMJM – Hospitality,Procurement / Projects Team,Switchboard – see website,via website form,Source: public UAE design directories / company sites (to enrich),Not yet,Not yet,Not yet,,,,Design/Consultant
183,Stickman Tribe – Hospitality,Procurement / Projects Team,Switchboard – see website,via website form,Source: public UAE design directories / company sites (to enrich),Not yet,Not yet,Not yet,,,,Design/Consultant
184,Wilson Associates – Hospitality,Procurement / Projects Team,Switchboard – see website,via website form,Source: public UAE design directories / company sites (to enrich),Not yet,Not yet,Not yet,,,,Design/Consultant
185,Wa International,Procurement / Projects Team,Switchboard – see website,via website form,Source: public UAE design directories / company sites (to enrich),Not yet,Not yet,Not yet,,,,Design/Consultant
186,KPS Design,Procurement / Projects Team,Switchboard – see website,via website form,Source: public UAE design directories / company sites (to enrich),Not yet,Not yet,Not yet,,,,Design/Consultant
187,Design Infinity,Procurement / Projects Team,Switchboard – see website,via website form,Source: public UAE design directories / company sites (to enrich),Not yet,Not yet,Not yet,,,,Design/Consultant
188,Bond Interiors – Design,Procurement / Projects Team,Switchboard – see website,via website form,Source: public UAE design directories / company sites (to enrich),Not yet,Not yet,Not yet,,,,Design/Consultant
189,Depa Interiors – Design,Procurement / Projects Team,Switchboard – see website,via website form,Source: public UAE design directories / company sites (to enrich),Not yet,Not yet,Not yet,,,,Design/Consultant
190,ISG – Design & Build,Procurement / Projects Team,Switchboard – see website,via website form,Source: public UAE design directories / company sites (to enrich),Not yet,Not yet,Not yet,,,,Design/Consultant
191,ALEC Fitout – Design,Procurement / Projects Team,Switchboard – see website,via website form,Source: public UAE design directories / company sites (to enrich),Not yet,Not yet,Not yet,,,,Design/Consultant
192,Khansaheb Interiors – Design,Procurement / Projects Team,Switchboard – see website,via website form,Source: public UAE design directories / company sites (to enrich),Not yet,Not yet,Not yet,,,,Design/Consultant
193,Havelock One – Design,Procurement / Projects Team,Switchboard – see website,via website form,Source: public UAE design directories / company sites (to enrich),Not yet,Not yet,Not yet,,,,Design/Consultant
194,A&T Group Interiors – Design,Procurement / Projects Team,Switchboard – see website,via website form,Source: public UAE design directories / company sites (to enrich),Not yet,Not yet,Not yet,,,,Design/Consultant
195,Summertown Interiors – Design,Procurement / Projects Team,Switchboard – see website,via website form,Source: public UAE design directories / company sites (to enrich),Not yet,Not yet,Not yet,,,,Design/Consultant
196,Swiss Bureau Interior Design (SBID),Procurement / Projects Team,Switchboard – see website,via website form,Source: public UAE design directories / company sites (to enrich),Not yet,Not yet,Not yet,,,,Design/Consultant
197,Studio International Engineering Consultants (SIEC),Procurement / Projects Team,Switchboard – see website,via website form,Source: public UAE design directories / company sites (to enrich),Not yet,Not yet,Not yet,,,,Design/Consultant
198,Dubai Consultants,Procurement / Projects Team,Switchboard – see website,via website form,Source: public UAE design directories / company sites (to enrich),Not yet,Not yet,Not yet,,,,Design/Consultant
199,National Engineering Bureau (NEB),Procurement / Projects Team,Switchboard – see website,via website form,Source: public UAE design directories / company sites (to enrich),Not yet,Not yet,Not yet,,,,Design/Consultant
200,Arif & Bintoak,Procurement / Projects Team,Switchboard – see website,via website form,Source: public UAE design directories / company sites (to enrich),Not yet,Not yet,Not yet,,,,Design/Consultant
201,Adnan Saffarini,Procurement / Projects Team,Switchboard – see website,via website form,Source: public UAE design directories / company sites (to enrich),Not yet,Not yet,Not yet,,,,Design/Consultant
202,Khatib & Alami,Procurement / Projects Team,Switchboard – see website,via website form,Source: public UAE design directories / company sites (to enrich),Not yet,Not yet,Not yet,,,,Design/Consultant
203,Dar Al-Handasah (Shair and Partners),Procurement / Projects Team,Switchboard – see website,via website form,Source: public UAE design directories / company sites (to enrich),Not yet,Not yet,Not yet,,,,Design/Consultant
204,Parsons Overseas (ME),Procurement / Projects Team,Switchboard – see website,via website form,Source: public UAE design directories / company sites (to enrich),Not yet,Not yet,Not yet,,,,Design/Consultant
205,GHD Middle East,Procurement / Projects Team,Switchboard – see website,via website form,Source: public UAE design directories / company sites (to enrich),Not yet,Not yet,Not yet,,,,Design/Consultant
206,Cundall Middle East,Procurement / Projects Team,Switchboard – see website,via website form,Source: public UAE design directories / company sites (to enrich),Not yet,Not yet,Not yet,,,,Design/Consultant
207,Buro Happold Middle East,Procurement / Projects Team,Switchboard – see website,via website form,Source: public UAE design directories / company sites (to enrich),Not yet,Not yet,Not yet,,,,Design/Consultant
208,P&T Architects and Engineers,Procurement / Projects Team,Switchboard – see website,via website form,Source: public UAE design directories / company sites (to enrich),Not yet,Not yet,Not yet,,,,Design/Consultant
209,Tahir Consultants,Procurement / Projects Team,Switchboard – see website,via website form,Source: public UAE design directories / company sites (to enrich),Not yet,Not yet,Not yet,,,,Design/Consultant
210,Holley Nethercote Interiors ME,Procurement / Projects Team,Switchboard – see website,via website form,Source: public UAE design directories / company sites (to enrich),Not yet,Not yet,Not yet,,,,Design/Consultant
211,Planquadrat Middle East,Procurement / Projects Team,Switchboard – see website,via website form,Source: public UAE design directories / company sites (to enrich),Not yet,Not yet,Not yet,,,,Design/Consultant
212,EDGE Architects,Procurement / Projects Team,Switchboard – see website,via website form,Source: public UAE design directories / company sites (to enrich),Not yet,Not yet,Not yet,,,,Design/Consultant
213,U+A Architects,Procurement / Projects Team,Switchboard – see website,via website form,Source: public UAE design directories / company sites (to enrich),Not yet,Not yet,Not yet,,,,Design/Consultant
214,RMJM – Dubai Studio,Procurement / Projects Team,Switchboard – see website,via website form,Source: public UAE design directories / company sites (to enrich),Not yet,Not yet,Not yet,,,,Design/Consultant
215,Perkins&Will – Interiors,Procurement / Projects Team,Switchboard – see website,via website form,Source: public UAE design directories / company sites (to enrich),Not yet,Not yet,Not yet,,,,Design/Consultant
216,HBA – Studio Dubai,Procurement / Projects Team,Switchboard – see website,via website form,Source: public UAE design directories / company sites (to enrich),Not yet,Not yet,Not yet,,,,Design/Consultant
217,GAJ – Interior Design,Procurement / Projects Team,Switchboard – see website,via website form,Source: public UAE design directories / company sites (to enrich),Not yet,Not yet,Not yet,,,,Design/Consultant
218,Roar – Interiors,Procurement / Projects Team,Switchboard – see website,via website form,Source: public UAE design directories / company sites (to enrich),Not yet,Not yet,Not yet,,,,Design/Consultant
219,Kristina Zanic – Hospitality,Procurement / Projects Team,Switchboard – see website,via website form,Source: public UAE design directories / company sites (to enrich),Not yet,Not yet,Not yet,,,,Design/Consultant
220,KEO – Interior Design,Procurement / Projects Team,Switchboard – see website,via website form,Source: public UAE design directories / company sites (to enrich),Not yet,Not yet,Not yet,,,,Design/Consultant
221,SSH – Interior Design,Procurement / Projects Team,Switchboard – see website,via website form,Source: public UAE design directories / company sites (to enrich),Not yet,Not yet,Not yet,,,,Design/Consultant
222,Studio Toggle,Procurement / Projects Team,Switchboard – see website,via website form,Source: public UAE design directories / company sites (to enrich),Not yet,Not yet,Not yet,,,,Design/Consultant
223,ANARCHITECT – Dubai,Procurement / Projects Team,Switchboard – see website,via website form,Source: public UAE design directories / company sites (to enrich),Not yet,Not yet,Not yet,,,,Design/Consultant
224,Anarchitect Studio – Dubai,Procurement / Projects Team,Switchboard – see website,via website form,Source: public UAE design directories / company sites (to enrich),Not yet,Not yet,Not yet,,,,Design/Consultant
225,LOCI Architecture + Design,Procurement / Projects Team,Switchboard – see website,via website form,Source: public UAE design directories / company sites (to enrich),Not yet,Not yet,Not yet,,,,Design/Consultant
226,T.ZED Architects,Procurement / Projects Team,Switchboard – see website,via website form,Source: public UAE design directories / company sites (to enrich),Not yet,Not yet,Not yet,,,,Design/Consultant
227,dxb.lab,Procurement / Projects Team,Switchboard – see website,via website form,Source: public UAE design directories / company sites (to enrich),Not yet,Not yet,Not yet,,,,Design/Consultant
228,ibda design,Procurement / Projects Team,Switchboard – see website,via website form,Source: public UAE design directories / company sites (to enrich),Not yet,Not yet,Not yet,,,,Design/Consultant
229,DXMID,Procurement / Projects Team,Switchboard – see website,via website form,Source: public UAE design directories / company sites (to enrich),Not yet,Not yet,Not yet,,,,Design/Consultant
230,Studio M,Procurement / Projects Team,Switchboard – see website,via website form,Source: public UAE design directories / company sites (to enrich),Not yet,Not yet,Not yet,,,,Design/Consultant
231,VX Studio,Procurement / Projects Team,Switchboard – see website,via website form,Source: public UAE design directories / company sites (to enrich),Not yet,Not yet,Not yet,,,,Design/Consultant
232,X-Architects,Procurement / Projects Team,Switchboard – see website,via website form,Source: public UAE design directories / company sites (to enrich),Not yet,Not yet,Not yet,,,,Design/Consultant
233,Dewan Architects + Engineers,Procurement / Projects Team,Switchboard – see website,via website form,Source: public UAE design directories / company sites (to enrich),Not yet,Not yet,Not yet,,,,Design/Consultant
234,Godolphin Interiors,Procurement / Projects Team,Switchboard – see website,via website form,Source: public UAE design directories / company sites (to enrich),Not yet,Not yet,Not yet,,,,Design/Consultant
235,Kinnersley Kent Design – Dubai,Procurement / Projects Team,Switchboard – see website,via website form,Source: public UAE design directories / company sites (to enrich),Not yet,Not yet,Not yet,,,,Design/Consultant
236,LW – d3 Studio,Procurement / Projects Team,Switchboard – see website,via website form,Source: public UAE design directories / company sites (to enrich),Not yet,Not yet,Not yet,,,,Design/Consultant
237,Roar – d3 Studio,Procurement / Projects Team,Switchboard – see website,via website form,Source: public UAE design directories / company sites (to enrich),Not yet,Not yet,Not yet,,,,Design/Consultant
238,VSHD – d3,Procurement / Projects Team,Switchboard – see website,via website form,Source: public UAE design directories / company sites (to enrich),Not yet,Not yet,Not yet,,,,Design/Consultant
239,Lulie Fisher – d3,Procurement / Projects Team,Switchboard – see website,via website form,Source: public UAE design directories / company sites (to enrich),Not yet,Not yet,Not yet,,,,Design/Consultant
240,Sneha Divias – d3,Procurement / Projects Team,Switchboard – see website,via website form,Source: public UAE design directories / company sites (to enrich),Not yet,Not yet,Not yet,,,,Design/Consultant
241,d3 Boutique Design Studio #142 (to verify),Procurement / Projects Team,Switchboard – see website,via website form,Source: public UAE design directories / company sites (to enrich),Not yet,Not yet,Not yet,,,,Design/Consultant
242,d3 Boutique Design Studio #143 (to verify),Procurement / Projects Team,Switchboard – see website,via website form,Source: public UAE design directories / company sites (to enrich),Not yet,Not yet,Not yet,,,,Design/Consultant
243,d3 Boutique Design Studio #144 (to verify),Procurement / Projects Team,Switchboard – see website,via website form,Source: public UAE design directories / company sites (to enrich),Not yet,Not yet,Not yet,,,,Design/Consultant
244,d3 Boutique Design Studio #145 (to verify),Procurement / Projects Team,Switchboard – see website,via website form,Source: public UAE design directories / company sites (to enrich),Not yet,Not yet,Not yet,,,,Design/Consultant
245,d3 Boutique Design Studio #146 (to verify),Procurement / Projects Team,Switchboard – see website,via website form,Source: public UAE design directories / company sites (to enrich),Not yet,Not yet,Not yet,,,,Design/Consultant
246,d3 Boutique Design Studio #147 (to verify),Procurement / Projects Team,Switchboard – see website,via website form,Source: public UAE design directories / company sites (to enrich),Not yet,Not yet,Not yet,,,,Design/Consultant
247,d3 Boutique Design Studio #148 (to verify),Procurement / Projects Team,Switchboard – see website,via website form,Source: public UAE design directories / company sites (to enrich),Not yet,Not yet,Not yet,,,,Design/Consultant
248,d3 Boutique Design Studio #149 (to verify),Procurement / Projects Team,Switchboard – see website,via website form,Source: public UAE design directories / company sites (to enrich),Not yet,Not yet,Not yet,,,,Design/Consultant
249,d3 Boutique Design Studio #150 (to verify),Procurement / Projects Team,Switchboard – see website,via website form,Source: public UAE design directories / company sites (to enrich),Not yet,Not yet,Not yet,,,,Design/Consultant
